gene,score,logfoldchange,pval,pval_adj,cluster
Rpl23a,44.166092,13.425754,0.0,0.0,0
Marcksl1,41.31646,19.163988,0.0,0.0,0
Cul4a,35.83738,2.9752946,2.892184723276283e-281,1.598028465767589e-277,0
Dok5,35.803757,4.2122555,9.65356052499747e-281,4.0004354815589517e-277,0
Cd24a,34.642223,9.736415,5.849317310660553e-263,1.9391656748301867e-259,0
Rpl23a-ps3,32.81078,2.6203687,4.133145006097662e-236,8.563876452634356e-233,0
Gm9493,32.770386,2.5199983,1.5560159578178657e-235,2.865835612976549e-232,0
Gm8730,31.782656,2.552092,1.1240913053505545e-221,1.863293747749079e-218,0
Rpl31,31.009132,6.3170757,4.060051746761564e-211,6.118128886756336e-208,0
Tuba1a,29.819733,84.00149,2.1679499253363545e-195,2.994661496864618e-192,0
Lpl,29.535316,1.9941037,1.0138508211863703e-191,1.2927377855373288e-188,0
Neurod6,29.41206,6.169419,3.850453820932747e-190,4.558937323984372e-187,0
Rpl4,29.396353,6.7209873,6.114010873711537e-190,6.756389616176161e-187,0
Fkbp1a,29.05469,4.817939,1.3425755591671241e-185,1.3909082792971405e-182,0
Mllt11,28.737684,8.8549185,1.2910670234968586e-181,1.1889292767491071e-178,0
Bhlhe22,28.298817,2.5656817,3.5737788901050676e-176,3.117839941177979e-173,0
Eef2,28.18326,5.5711136,9.379839232114614e-175,7.774010755576592e-172,0
Rpl6l,27.500925,2.1040647,1.711499609203467e-166,1.3509436915312698e-163,0
Tuba1b,26.65725,2.9865408,1.4748432484794486e-156,1.0629131168171886e-153,0
Mmd,26.581049,2.571235,1.1243728106453684e-155,7.765668212190678e-153,0
Fam19a2,26.537184,1.721448,3.6106238046936897e-155,2.393988007464104e-152,0
Cox6a1,26.264647,4.0602193,4.8628634211161754e-152,2.985437928460064e-149,0
Rpl10,25.71909,7.4436617,7.149959551173564e-146,4.23277605429475e-143,0
Foxp1,25.600792,2.0697477,1.494884675419441e-144,8.544554613707811e-142,0
Snn,25.43684,2.0926309,9.872025646021542e-143,5.454623236948435e-140,0
Fabp7,36.38609,118.85122,7.065401633914655e-290,1.1711609748376933e-285,10
Dbi,36.14284,49.882816,4.82038442116921e-286,3.9951346082650415e-282,10
Apoe,35.101006,35.39155,6.506786573820616e-270,3.595216474921685e-266,10
Mfge8,34.57655,10.733601,5.689084715563889e-262,2.3575567061296755e-258,10
Mt3,33.79891,14.475343,2.0463061294413852e-250,6.78391408032408e-247,10
Phgdh,33.645313,8.359342,3.651038275341178e-248,1.0086601742009228e-244,10
Slc1a3,33.469955,9.701683,1.3192003207825928e-245,3.1238663596131797e-242,10
Mt1,33.135822,8.704971,9.063877446730391e-241,1.878035406962537e-237,10
Ndrg2,33.130924,8.79339,1.06634348694796e-240,1.9639677377388205e-237,10
Acot1,32.28679,7.149539,1.0720433345342255e-228,1.7770190313239322e-225,10
Cd9,32.180943,7.805569,3.261495572152135e-227,4.914777327635799e-224,10
Cst3,31.984383,50.735973,1.797965394095955e-224,2.292544182502658e-221,10
Aldoc,31.647617,13.888413,8.178042692255889e-220,9.682802547630971e-217,10
Ccnd2,30.459686,7.30954,8.915751504111075e-204,8.210416496230287e-201,10
Atp1a2,30.380926,5.7010765,9.813507938628586e-203,8.133435379535373e-200,10
Ptprz1,30.189203,9.563048,3.282717949131049e-200,2.5911587011807747e-197,10
Glul,29.939344,9.4308405,6.055722414685508e-197,4.3643328150359556e-194,10
Vim,29.892813,5.0228076,2.4400515247375465e-196,1.6178517629619827e-193,10
Cd63,29.608711,5.3375907,1.154270086245068e-192,7.086363314666017e-190,10
Hes5,28.909628,11.06003,9.035941983279389e-184,4.538781039843611e-181,10
Qk,28.847446,5.002999,5.454671044356527e-183,2.659312565625112e-180,10
Bcan,28.347845,5.35051,8.897710422041184e-177,4.2139556558787045e-174,10
Plpp3,28.011742,4.7198505,1.168960884178502e-172,5.0991304253007495e-170,10
Mmd2,27.842222,5.238699,1.3379928385499817e-170,5.544642322951124e-168,10
Pea15a,27.527155,8.717034,8.30865043533696e-167,3.202888130608034e-164,10
Igfbpl1,49.33589,9.265438,0.0,0.0,1
Cd24a,28.197632,7.2098837,6.252055014384781e-175,1.381787518912562e-172,1
Neurod2,26.400686,2.873788,1.3455139936486897e-153,1.798648383767797e-151,1
Pantr1,24.181015,4.570785,3.524266092561488e-129,2.607956908495501e-127,1
Xist,23.271793,2.9159667,8.560409783861561e-120,5.216814432988575e-118,1
Meis2,21.713202,1.3079379,1.5395313628738093e-104,6.543403043845195e-103,1
Gm17750,20.941788,1.8622377,2.2293862112134057e-97,8.016118402835881e-96,1
Rpl23a,19.901403,3.0777106,3.956879109419787e-88,1.1691484512966559e-86,1
Bhlhe22,18.671648,0.76014507,8.421460590108917e-78,1.9550998703311684e-76,1
Hs6st2,18.069973,1.1478064,5.494145386995697e-73,1.164590203770341e-71,1
Mn1,17.416426,1.4778674,6.192734551267598e-68,1.1771877055253636e-66,1
Frmd4b,15.8224325,1.4495374,2.179068618283504e-56,3.1852064741329243e-55,1
Gabra2,15.776622,1.3548288,4.506726307038726e-56,6.530025809919049e-55,1
Fam84a,15.058534,1.7952707,3.034445271964619e-51,3.948113408797922e-50,1
Rpl23a-ps3,14.784506,0.8579049,1.844061795650895e-49,2.270963471375129e-48,1
Gm8730,14.475577,0.82570416,1.7286779717518007e-47,2.0165071118759922e-46,1
Rpl6l,14.470418,0.96192014,1.8633548116561515e-47,2.172079420394681e-46,1
Id2,14.205488,0.5134861,8.471009679869286e-46,9.386059923363187e-45,1
Eif1b,13.615352,2.3336303,3.245779365135144e-42,3.282613713025024e-41,1
Tsc22d1,13.574204,1.6508799,5.695877160780194e-42,5.722112716187424e-41,1
Cdk4,13.068809,0.8940649,4.963704220458682e-39,4.643248372365864e-38,1
Tspan13,12.325043,0.889199,6.640836519451953e-35,5.542724377967552e-34,1
Fam107b,12.119764,1.4367247,8.299754231464692e-34,6.724180163282441e-33,1
Sema3c,12.004259,2.1721332,3.374709669937792e-33,2.6790798605789674e-32,1
Marcksl1,11.692947,2.8278823,1.3849539753610469e-31,1.0497026564053367e-30,1
Islr2,33.076523,5.063697,6.467161911880254e-240,1.0719967585132709e-235,5
Rprm,30.514519,7.4555097,1.6726151743766554e-204,1.386263456523372e-200,5
Hs3st4,29.858984,4.705927,6.711674649701554e-196,2.781317974836324e-192,5
Tle4,29.527275,4.2423263,1.285952171777392e-191,4.2631886398764103e-188,5
Akap7,27.405497,4.259637,2.358593511396566e-165,6.516007674151579e-162,5
Calm2,25.381788,25.265644,4.007361775183426e-142,9.489432683634353e-139,5
Wnt7b,24.586147,3.4075286,1.776949124844915e-133,3.2727454103810344e-130,5
Ppp1r1b,23.677572,5.487425,6.1396134376747245e-124,9.251839303899657e-121,5
Sncb,23.415277,3.0261676,2.9867124299471256e-121,4.125645436566963e-118,5
Nxph3,23.227312,5.2372026,2.4124915824064248e-119,2.856390033569207e-116,5
Id2,22.48119,6.137729,6.341762060221822e-112,5.840058217235385e-109,5
Dync1i1,21.20757,2.432087,8.130919544435089e-100,3.96406242260459e-97,5
Snap25,21.195663,2.6545496,1.0471273227214728e-99,4.959195000408895e-97,5
Kctd12,20.168304,2.5771444,1.8590064000899594e-90,6.698889149541558e-88,5
Nfia,19.334929,2.8872595,2.730434810090252e-83,7.299949582589681e-81,5
Snca,18.931837,1.9374912,6.2349135188406844e-80,1.4354156456708775e-77,5
Syt6,18.899256,5.0405583,1.1567269434949575e-79,2.6265624404619748e-77,5
Fam110b,18.830017,2.1536238,4.286232596649611e-79,9.473145536275194e-77,5
Bcl11b,18.821291,2.2063737,5.053892460814296e-79,1.1022805451376022e-76,5
Xist,18.34745,4.427584,3.4596633347484614e-75,6.827068980570296e-73,5
Foxp2,17.975458,3.4598901,3.0335073587881775e-72,5.5256503273926183e-70,5
Camk2n1,17.763617,1.8822024,1.352348069493387e-70,2.310981608239421e-68,5
Camkv,17.669691,1.6999017,7.178997058206834e-70,1.202010658957944e-67,5
Smarcd3,17.590733,1.8932345,2.901052041937888e-69,4.808783864716243e-67,5
Marcksl1,17.386269,8.791346,1.0484072634741063e-67,1.6241494204996998e-65,5
Hmgb2,23.48328,53.884003,6.045272227688649e-122,1.0020643244616704e-117,18
2810417H13Rik,23.132301,19.752321,2.1912506108748375e-118,1.816108506293065e-114,18
Pbk,23.006514,14.727269,4.011558639323919e-117,2.2165198668477762e-113,18
H2afv,22.978136,25.024233,7.712808275869725e-117,3.1961877495204136e-113,18
Hmgn2,22.85979,34.257626,1.167905598417738e-115,3.871840639874485e-112,18
H2afz,22.252907,78.4864,1.0571664898388701e-109,2.920598622594852e-106,18
Smc2,22.160255,10.549049,8.307946912148439e-109,1.96732182879675e-105,18
Top2a,22.13947,20.446527,1.317792357790891e-108,2.730465765342726e-105,18
Tmpo,22.011913,10.428628,2.214444853151427e-107,4.078515320648673e-104,18
Birc5,21.84031,13.3148775,9.610192800859738e-106,1.5929855586705103e-102,18
Hmgn1,21.703955,15.135079,1.8825126793197772e-104,2.8367754702186025e-101,18
Smc4,21.546162,10.319441,5.752256926694916e-103,7.945784234741244e-100,18
Ccnd2,21.480618,25.155521,2.3634770791005692e-102,3.0136150817823875e-99,18
Spc24,21.427517,10.592261,7.402402765495233e-102,8.764444874346356e-99,18
Cks2,21.179764,13.817331,1.4676366141211432e-99,1.6218363010448046e-96,18
Anp32e,21.152958,10.134406,2.5917191164937806e-99,2.685021004687557e-96,18
Ccna2,21.145075,12.286935,3.0629963351651287e-99,2.9866016030410104e-96,18
Rrm2,21.12645,10.691818,4.544588555719501e-99,4.185061105533691e-96,18
Mki67,21.061699,12.398449,1.786489023358306e-98,1.5585706342730148e-95,18
Cdca8,21.055744,11.510597,2.0257929461552598e-98,1.6789771937734793e-95,18
Lmnb1,20.883448,8.116851,7.572596368149699e-97,5.977302733259496e-94,18
Cks1b,20.40826,7.587107,1.4122051950590754e-92,1.0640324233317834e-89,18
Spc25,20.360613,11.317807,3.738816451729934e-92,2.6945487610380605e-89,18
Cdca3,20.33261,11.868925,6.618854286575173e-92,4.571422027261253e-89,18
Cdk1,20.215376,13.397015,7.169736285066216e-91,4.7538219464503036e-88,18
Nxph1,28.763405,4.5320034,6.157572402842137e-182,1.0206792014951127e-177,11
Lhx6,27.522554,4.6711764,9.43196009182115e-167,7.817208524101368e-163,11
Rpp25,26.931997,5.7290316,9.270840292332693e-160,3.841836217142668e-156,11
Mafb,26.342678,3.8055964,6.226067598493888e-153,2.0640659302526937e-149,11
Arx,25.938145,3.8438363,2.4742208555121294e-148,6.835447483494843e-145,11
Maf,23.595016,3.204692,4.3359995063998886e-123,8.98419097726057e-120,11
Dlx2,20.639944,2.9410782,1.2020259740837676e-94,1.5326755804932717e-91,11
Nnat,18.154636,7.9033933,1.1800751737439492e-73,1.1506427105870414e-70,11
Gria1,16.769512,2.385287,4.078417763087735e-63,2.331167339342838e-60,11
Nrxn3,16.726652,1.7602739,8.382019032835504e-63,4.631344916276044e-60,11
Dlx1,15.612335,2.1579576,6.000040981297484e-55,2.116099559701853e-52,11
Bcl11b,15.004146,1.2969236,6.897354705486152e-51,2.117232437002564e-48,11
Slc32a1,14.72479,2.776885,4.468561098425289e-49,1.2770839442672e-46,11
Dlx5,14.204818,2.4151797,8.552450722223651e-46,1.890205642287723e-43,11
Gad1,14.143194,2.5710793,2.057292064429078e-45,4.428788735061869e-43,11
Sst,14.01005,13.471682,1.3531063554551333e-44,2.735254993661499e-42,11
Rpl23a,13.004351,5.2437453,1.1557676265316454e-38,1.680526682227066e-36,11
Cited2,12.929672,1.9352001,3.0611921241234004e-38,4.3743379870232315e-36,11
Gad2,12.72002,1.5812347,4.577397718196847e-37,5.836534198217765e-35,11
Nxph2,12.365835,3.4064107,4.00033360481141e-35,4.541748618722872e-33,11
Elavl2,12.3491335,1.702308,4.923911444242845e-35,5.477768865756336e-33,11
Mapk10,12.159785,1.5969827,5.089243668820345e-34,5.272456440897878e-32,11
Cox5a,11.966106,4.795802,5.348005330224314e-33,5.153984671732455e-31,11
Nap1l5,11.832769,1.5022938,2.642766119263876e-32,2.4472900107775427e-30,11
Tmem178,11.519931,1.8901123,1.0469448959327844e-30,8.63390974874718e-29,11
Olig1,37.031635,18.126022,3.5474567836866634e-300,5.880264364639013e-296,12
Pdgfra,34.457287,15.012415,3.502437341406766e-260,2.9028200685579276e-256,12
Scrg1,34.296604,9.141068,8.817992572258182e-258,4.872234829258388e-254,12
Olig2,34.274208,7.9705753,1.9015029448616263e-257,7.879828203506578e-254,12
C1ql1,33.921154,11.039822,3.249125125604964e-252,1.0771499616405576e-248,12
Lhfpl3,33.216053,10.540366,6.314124474454167e-242,1.7443821214758714e-238,12
Fabp7,31.844551,40.88557,1.56602506830535e-222,3.7083473617470685e-219,12
Bcan,31.643728,6.788434,9.250278734890567e-220,1.9166577538693255e-216,12
Serpine2,31.627535,9.7552595,1.544679929145447e-219,2.8449571672794364e-216,12
Ednrb,30.529753,8.58425,1.050123184662667e-204,1.4505701590806973e-201,12
Ptprz1,30.48533,17.667131,4.077739850721803e-204,5.1994319819665085e-201,12
Cd9,29.353994,11.75412,2.1248427274517774e-189,2.348092870016044e-186,12
Rgcc,28.964687,5.8277197,1.8331261935943098e-184,1.899118736563705e-181,12
Qk,28.948212,8.841804,2.955601518122523e-184,2.881885339082291e-181,12
Cdo1,28.912146,6.6096053,8.401028301872282e-184,7.736413618435274e-181,12
Sox10,28.781458,10.023274,3.660442778814677e-182,3.193447342191162e-179,12
3110035E14Rik,28.62807,5.9538693,3.0063465502428306e-180,2.4916600208412582e-177,12
Ostf1,28.536999,6.9136753,4.0728904099049055e-179,3.2148681635516056e-176,12
Dbi,28.516584,9.689972,7.296990952975325e-179,5.4979510016599545e-176,12
Atp6v0e,27.447182,4.8539066,7.507299845867376e-166,4.786192394042216e-163,12
Asrgl1,27.280859,4.9841614,7.1564234384406e-164,4.236602675556835e-161,12
Cntn1,26.97475,6.8674974,2.924020783614006e-160,1.615618950306192e-157,12
S100a16,26.873028,5.9503303,4.5400636040422577e-159,2.3517529468938896e-156,12
Rpl13,26.414083,43.98576,9.44122049789511e-154,4.7423536658517985e-151,12
Enpp2,25.548738,6.443601,5.670670190980014e-144,2.4101802329662746e-141,12
Dlx1,32.5082,5.9806733,8.165485659788877e-232,1.3535109029666042e-227,9
Gm17750,32.07539,12.797571,9.719257218068416e-226,8.055320382335104e-222,9
Dlx6os1,31.354864,6.3243494,8.351441988471895e-216,4.614450080030338e-212,9
Nrxn3,27.907036,5.1070256,2.191907201801134e-171,7.266610755411119e-168,9
Adarb2,27.695257,8.39877,7.963585601180047e-169,2.2000732487526744e-165,9
Npas1,27.436111,6.9356823,1.0175865228255367e-165,2.4096448860508707e-162,9
Prox1,27.400911,8.324179,2.6747444205033813e-165,5.542070439283006e-162,9
Nr2f2,27.380022,7.1931906,4.743709256949324e-165,8.736858293688e-162,9
Cnr1,27.191772,8.78859,8.126206773903824e-163,1.347000034842298e-159,9
Dlx2,26.216656,3.9555633,1.716377239812417e-151,2.586424466102784e-148,9
Ap1s2,26.048643,5.953957,1.393821724439476e-149,1.9253324086923961e-146,9
Erbb4,25.657171,4.745142,3.5166729788555754e-145,4.484028561346925e-142,9
Gad1,25.394463,4.2308636,2.903308625842855e-142,3.43751741299794e-139,9
Arl4c,23.167957,3.4925163,9.584025324277469e-119,8.361305461853859e-116,9
Maf,21.845972,3.1355774,8.490034162524063e-106,6.39685483081813e-103,9
Npas3,21.377636,4.0580688,2.157834099827705e-101,1.5551416538584363e-98,9
Gad2,21.271254,3.5102584,2.0960791511350104e-100,1.3897843203685574e-97,9
Pnoc,21.011465,7.844192,5.151998203304244e-98,3.284597008383506e-95,9
Dlx5,20.434305,3.4709792,8.286452642744578e-93,4.578541300204471e-90,9
Prox1os,20.162275,7.854823,2.100021246488283e-90,1.0878110056809307e-87,9
Tcf4,19.94894,15.709988,1.5309698502155356e-88,7.4639283050508e-86,9
Slc32a1,19.941467,3.7693872,1.7777074757653912e-88,8.419222605224892e-86,9
Synpr,19.85556,5.268099,9.865438626885203e-88,4.54248640775692e-85,9
Igf1,18.909058,6.670359,9.605684835876055e-80,3.7028798102204996e-77,9
Zfp536,18.516977,4.0392227,1.5066451251452594e-76,5.549811020979515e-74,9
Lmo4,35.261787,13.3842125,2.2635297786427516e-272,3.752026961078225e-268,6
Dok5,32.082718,6.9634533,7.681251824505278e-226,6.366221512149975e-222,6
Xist,31.514826,8.7115555,5.442052738291268e-218,3.006915539663869e-214,6
Marcksl1,25.792952,17.849655,1.063807704365985e-146,4.408419126892642e-143,6
Cd24a,24.896393,10.6106205,8.140306375343406e-137,2.698674369553846e-133,6
Rpl23a,23.765781,9.228405,7.547048393948053e-125,2.084997902968049e-121,6
Ssbp2,22.735582,3.4114547,1.993143578222995e-114,4.1297934940780456e-111,6
Cadm1,21.664421,2.7663429,4.444698423833383e-104,7.367532107346217e-101,6
Tuba1a,20.57643,86.531845,4.4638308220004453e-94,5.691727669652261e-91,6
Nefl,19.710209,4.03271,1.7623725716640213e-86,1.947539183193521e-83,6
Cul4a,19.559406,2.4221003,3.4304684782989194e-85,3.55396534351768e-82,6
Ldb2,19.340605,2.8266315,2.445869607317375e-83,2.3848667418172243e-80,6
Tubb3,19.32202,22.718102,3.506590431527429e-83,3.2291801662777038e-80,6
Arpc5,19.289433,3.559942,6.589296960879663e-83,5.748641390712699e-80,6
Tenm2,18.99753,2.3329248,1.787632561749967e-80,1.4110379687413073e-77,6
Tspan13,18.857635,2.5303338,2.543443696628068e-79,1.9163692143321297e-76,6
Rpl23a-ps3,18.332558,1.9187006,4.549934483495611e-75,3.2791179999314455e-72,6
Gm8730,17.86035,1.9215655,2.401343880170858e-71,1.5921870463084857e-68,6
Msra,17.80917,2.3051257,5.9992357969990216e-71,3.824743560425223e-68,6
Gm9493,17.130524,1.8845925,8.786105844222452e-66,4.854616349127712e-63,6
Mllt11,16.97887,7.782743,1.1772918159862181e-64,6.295093271544371e-62,6
Runx1t1,16.91852,2.2119894,3.285876555272705e-64,1.702084055631261e-61,6
Sla,16.874718,1.9241787,6.90534317002416e-64,3.4685747995854686e-61,6
Syt4,16.62573,3.9329882,4.537952091876674e-62,2.1491741107127927e-59,6
Rpl6l,16.20676,1.7334793,4.517613337684926e-59,1.826438016718667e-56,6
Neurod6,25.007893,13.565515,5.0170204589938883e-138,8.316213112828269e-134,14
Snca,23.411568,7.718606,3.2583716538074095e-121,2.700538426675581e-117,14
Marcksl1,21.85424,20.591356,7.084098830585104e-106,3.9142007405259564e-102,14
Npy,21.284475,21.49839,1.5810638648248428e-100,6.551928655834148e-97,14
Ivns1abp,20.620464,4.0999184,1.798215385912828e-94,5.961443647378207e-91,14
Vsnl1,20.571243,3.6546571,4.967568155474075e-94,1.3723734957523044e-90,14
Cck,19.218737,4.282598,2.5797332533973396e-82,6.1088083440449e-79,14
Runx1t1,17.875175,3.140612,1.840973401046454e-71,3.8144968869682525e-68,14
Calm2,17.78108,23.943289,9.905394294223692e-71,1.824353509122799e-67,14
Rprm,17.712416,5.335301,3.363273452573935e-70,5.574962074986555e-67,14
Gnb4,17.57946,2.6293807,3.5393434699597657e-69,5.333468850732098e-66,14
Mllt11,17.448536,11.281423,3.531640907367973e-68,4.87837330671096e-65,14
Sncb,17.434622,2.6446106,4.50532087760275e-68,5.744630682087938e-65,14
Sybu,17.091187,2.970764,1.7262546445717253e-65,1.9076264658947279e-62,14
Snrpn,16.449,4.398348,8.526450258354454e-61,8.313790557793144e-58,14
Meg3,16.140366,14.779188,1.3275161715779861e-58,1.047852764765557e-55,14
Nrgn,15.9824915,0.5633864,1.692434583117748e-57,1.275172529534536e-54,14
Celf4,15.804052,3.0935535,2.9174329987155986e-56,2.102581277683033e-53,14
Gap43,15.570366,11.246039,1.1574368399578399e-54,7.994030441308814e-52,14
Fxyd6,15.553113,3.2534325,1.5155757339130966e-54,1.0048873346137395e-51,14
Cd24a,15.381152,8.306998,2.1901450386127076e-53,1.3445868207423794e-50,14
Pcsk2,15.154325,1.7994514,7.09407838342284e-52,4.054877354607483e-49,14
Arl6ip5,15.060577,2.785648,2.942072602611195e-51,1.625593182029439e-48,14
Gucy1b3,15.047566,1.8152156,3.581669353475877e-51,1.9151532646198753e-48,14
Gucy1a3,15.004837,1.9044852,6.825791109780724e-51,3.535759794866415e-48,14
Igfbp7,18.330425,43.896156,4.731907023372643e-75,7.843609081942493e-71,21
Sparc,18.154327,40.563866,1.1867073598380204e-73,9.835430598337512e-70,21
Gng11,17.363026,19.22682,1.5721680643214618e-67,8.686752611397517e-64,21
Serpinh1,17.244581,13.168569,1.2290090468720412e-66,5.093013490237738e-63,21
Sept4,16.962257,13.20331,1.5622324267485116e-64,5.1791129411566656e-61,21
Col4a2,16.728811,16.859125,8.083621232220324e-63,1.9142015077897725e-59,21
Sepp1,16.673332,21.95132,2.0484965003893742e-62,4.244484748806783e-59,21
Eva1b,16.550215,13.457559,1.5953404525459327e-61,2.644436334140138e-58,21
Col4a1,16.458311,21.026663,7.311133221689058e-61,1.1017213116610711e-57,21
Myl12a,16.233189,10.697749,2.9379413756453483e-59,4.058276353558108e-56,21
Ppic,16.09519,10.265578,2.7572673839283296e-58,3.515728011999692e-55,21
Tpm4,15.825167,8.0035,2.086450763555982e-56,2.4703577040502827e-53,21
Bgn,15.776664,13.24707,4.503719871320089e-56,4.97691070580012e-53,21
Sparcl1,15.416239,13.913429,1.2730635203367607e-53,1.0048714720524831e-50,21
Nid1,15.3407755,14.086152,4.0829051756662652e-53,3.076283463265637e-50,21
Eng,15.174234,14.670339,5.238529147323751e-52,3.47335436584154e-49,21
Ets1,15.107979,8.272677,1.4347357592614413e-51,8.493635694827731e-49,21
Tagln2,15.096108,8.830472,1.717760431705829e-51,9.81848169515718e-49,21
BC028528,14.999452,11.675858,7.402883420186807e-51,3.834693611656766e-48,21
Esam,14.764818,12.706171,2.469882387680885e-49,1.169736298805667e-46,21
Plat,14.726173,7.3171535,4.378027850601199e-49,1.9613564770693375e-46,21
Pltp,14.661289,10.742782,1.1408535445537914e-48,4.848920090903499e-46,21
Ifitm3,14.558621,11.289476,5.1485504228617384e-48,2.1335592952339044e-45,21
Lamc1,14.339427,7.3810105,1.2407483962961797e-46,4.674237594773972e-44,21
Slc9a3r2,14.153216,6.2652926,1.7840826210847423e-45,6.292117771723551e-43,21
Dlx6os1,28.363825,6.9335146,5.6526820892925135e-177,9.36988583121127e-173,15
Btg1,26.633501,7.3885922,2.779320118355087e-156,2.3035005140926963e-152,15
Meis2,26.131826,9.607267,1.5859216100177675e-150,8.762745535884839e-147,15
Dlx1,25.254852,5.1113715,1.00177550418411e-140,4.1513576893389514e-137,15
Gad2,24.463694,5.24722,3.598137047194589e-132,1.1928543938859501e-128,15
Nrxn3,24.301138,4.371591,1.9068038554282014e-130,4.5153115296539804e-127,15
Dlx2,23.75146,4.5767026,1.0612573469479712e-124,1.759140178300957e-121,15
Sp9,23.631567,5.5765076,1.8263544757389528e-123,2.7521501627135347e-120,15
Sp8,22.402853,6.6522923,3.6916856161805255e-111,3.399632265211577e-108,15
Rnd3,21.45865,4.204805,3.7914846395595975e-102,2.16716032363241e-99,15
Igfbpl1,19.953003,4.1104836,1.411512481685556e-88,4.332820536374033e-86,15
Arx,19.750725,3.4712582,7.907457770118217e-87,2.2215935592793146e-84,15
Dlx5,19.545883,3.77108,4.471840409604682e-85,1.1582066660876125e-82,15
Tshz1,19.54445,5.3904595,4.599208066652793e-85,1.1728688140436415e-82,15
Tiam2,19.461308,4.727779,2.3374378047810605e-84,5.782890903291173e-82,15
Gm13889,19.341627,3.119072,2.3979044873813335e-83,5.598262645469434e-81,15
Pbx3,16.9554,6.266077,1.755599977561487e-64,1.780803048773235e-62,15
Sdk2,16.90774,4.5416756,3.945595482370492e-64,3.939891006974293e-62,15
Zfp704,16.091627,2.988824,2.9206399113035253e-58,2.042722665391023e-56,15
Islr2,15.980873,2.165425,1.7369695367646745e-57,1.17040679030127e-55,15
Ccnd2,15.949396,7.3916993,2.8766541015885586e-57,1.8997377843797588e-55,15
Nfib,15.818822,5.617596,2.307711178902657e-56,1.4712546346727095e-54,15
Synpr,15.226142,3.3532526,2.3717947356781466e-52,1.2764568032013296e-50,15
Pax6,14.936613,3.490186,1.9040923000684346e-50,9.255787086784273e-49,15
Cdca7,14.3765745,4.362175,7.260023848191592e-47,2.9935859529259657e-45,15
Bcl11b,21.486801,12.2345085,2.0688355470929452e-102,3.429301802861266e-98,19
Ldb2,20.89316,8.36446,6.179280039250918e-97,5.121387296531161e-93,19
Tcerg1l,20.815954,10.046311,3.1030591279746324e-96,1.7145436035102503e-92,19
Mllt11,20.790146,52.40726,5.314827063314045e-96,2.20246433503734e-92,19
Fam19a1,20.504288,11.403457,1.9713425530488042e-93,6.535394831867396e-90,19
Fezf2,20.326885,8.543396,7.437652639928438e-92,2.0547755026575635e-88,19
Rgma,19.794102,5.834913,3.3466895478429704e-87,7.924960849292153e-84,19
Snrpn,19.734945,19.804722,1.0806462482002979e-86,2.239099026271017e-83,19
Sepw1,19.542242,50.392918,4.80247233408624e-85,8.845086823312612e-82,19
Dynlrb1,19.512815,16.736801,8.544305413024421e-85,1.416304065262928e-81,19
Slc6a15,19.41107,6.0181246,6.22187748501274e-84,9.37580374468829e-81,19
Tuba1b,19.384817,16.984962,1.0367211552405944e-83,1.4320574891056746e-80,19
Cox6a1,19.172318,18.568811,6.303632836904349e-82,8.037616761886653e-79,19
Rprm,19.101377,15.721453,2.459112384190383e-81,2.911589062881413e-78,19
Rpl41,19.02509,76.64059,1.057077390937469e-80,1.1681409888119657e-77,19
Fkbp1a,18.90653,16.38123,1.0077209880623017e-79,1.0439989436325446e-76,19
Rpl23a,18.894974,28.53177,1.2545026577517682e-79,1.2232138855819595e-76,19
Tmsb10,18.846788,155.39262,3.12230177452142e-79,2.875293011914837e-76,19
Marcksl1,18.840155,42.14214,3.5392847537043763e-79,3.08774653038967e-76,19
Meg3,18.641623,68.4049,1.4769272093322552e-77,1.2240772710945731e-74,19
Calm2,18.627136,82.35949,1.936121373713455e-77,1.5282451376511536e-74,19
Rpl31,18.595667,21.422716,3.483484768200226e-77,2.6246474326221337e-74,19
Nop10,18.43724,10.698795,6.60260909580496e-76,4.758471668350566e-73,19
Arhgdig,18.37675,10.989931,2.0168996643062003e-75,1.3930053681474824e-72,19
Hn1,18.308846,32.520004,7.034615599613834e-75,4.664231527167956e-72,19
Hba-a1,7.736966,inf,1.0181697761264105e-14,3.4165077400998645e-11,26
Hba-a2,7.7363396,985.7455,1.023199266495934e-14,3.4165077400998645e-11,26
Hbb-bt,7.735542,698.12463,1.029635808023028e-14,3.4165077400998645e-11,26
Hbb-bs,7.735542,inf,1.029635808023028e-14,3.4165077400998645e-11,26
Alas2,7.735428,27.474718,1.0305585605996212e-14,3.4165077400998645e-11,26
Ube2l6,7.3195972,9.800727,2.487159820754831e-13,5.15339514860401e-10,26
Fech,6.0815644,7.165599,1.1901563592126275e-09,7.67627696899164e-08,26
Bpgm,5.7612014,6.885031,8.351723638205628e-09,3.5957966500492597e-07,26
Mkrn1,5.438047,7.2744684,5.386780598902239e-08,1.6752584466679832e-06,26
Snca,4.5563583,5.8818808,5.204807153066915e-06,9.129617287749967e-05,26
Gpx1,4.378329,5.662295,1.1959295879110267e-05,0.0001857893987742566,26
Fam220a,4.15822,2.6991134,3.207372526126566e-05,0.0004408408540055884,26
Adipor1,3.1834,2.2843008,0.0014555647324101047,0.01186206539057517,26
Fam46c,3.0765362,7.9134083,0.002094208224592929,0.016048819015650667,26
Isg20,2.6967163,8.9768915,0.007002690749259978,0.044748111742379866,26
Bola3,2.6064336,2.099059,0.009149058003362444,0.055591930155328394,26
Slc25a37,2.5022194,4.2257667,0.01234173835859478,0.07061672593443807,26
Blvrb,2.3783193,3.0029662,0.017391758082272918,0.09302542173983734,26
Pnpo,2.170575,2.9431875,0.0299633147981284,0.14374395448685812,26
Bnip3l,2.1370716,1.5102917,0.03259217579357167,0.15369783953179061,26
March2,2.0336838,2.0373638,0.04198350031750928,0.18778233072825057,26
Rec114,1.9104103,6.589098,0.056080411875337605,0.23458230245088543,26
Ube2c,1.7190473,1.5034342,0.08560576008213804,0.3220610710670722,26
Gypa,1.5434389,7.8914742,0.12272430883252092,0.4205660829455999,26
Cdr2,1.2893709,3.1280775,0.19726915886115792,0.5900277115269855,26
Cxcl12,9.475204,36.33616,2.6623960965759486e-21,1.1922436608342729e-17,24
Nhlh2,9.473296,19.045803,2.711499669221888e-21,1.1922436608342729e-17,24
Ndnf,9.472109,34.2126,2.7424904483936104e-21,1.1922436608342729e-17,24
Reln,9.467106,70.906685,2.8770358610865658e-21,1.1922436608342729e-17,24
Ramp1,9.402485,19.881733,5.328919139524497e-21,1.7666432731351614e-17,24
Pcp4,9.376609,41.71523,6.812856312840195e-21,1.882165104027318e-17,24
Cd200,9.278875,23.225088,1.7127745325807416e-20,4.055850093151196e-17,24
Rgs4,9.243482,10.669459,2.386050278431271e-20,4.943896176909593e-17,24
1500009L16Rik,9.225866,10.707508,2.8127907523244566e-20,5.1805355011700214e-17,24
Prnp,9.140442,11.0860615,6.219782605822241e-20,1.0309911647410948e-16,24
Dkk3,9.11026,8.369352,8.218449229785724e-20,1.215696794931176e-16,24
Syn2,9.096159,9.77935,9.358316673407605e-20,1.215696794931176e-16,24
St3gal5,9.094134,7.40899,9.534301601173556e-20,1.215696794931176e-16,24
Tmem163,9.062161,11.146046,1.2789096634392943e-19,1.5142290415121244e-16,24
Aldoa,9.037798,28.669167,1.5986013230042634e-19,1.7665610353412447e-16,24
Emx2,8.934944,8.534896,4.073843948014178e-19,4.220502330142688e-16,24
Wnt7b,8.828228,8.565911,1.063473823771732e-18,1.03694953546119e-15,24
Car10,8.792531,10.277783,1.462271892110815e-18,1.2603169478590123e-15,24
Calb2,8.789855,29.664291,1.4975253859284983e-18,1.2603169478590123e-15,24
Pcsk1n,8.788134,32.51147,1.5206526880538276e-18,1.2603169478590123e-15,24
Gpi1,8.773427,12.796756,1.7330962349030494e-18,1.3679906280834735e-15,24
Eef2,8.751041,27.45101,2.113934774054345e-18,1.5927537643056738e-15,24
Ache,8.732798,10.738698,2.484500254018393e-18,1.7545248471190808e-15,24
Fkbp9,8.730284,9.874218,2.5403352033577423e-18,1.7545248471190808e-15,24
Snhg11,8.688072,48.752167,3.686409821102325e-18,2.4442371677836856e-15,24
Pcp4,14.026872,34.53712,1.0675749288340528e-44,1.769612202035326e-40,23
Rprml,13.970607,11.030146,2.3561085945112226e-44,1.9527428031309013e-40,23
Fxyd7,13.073414,10.633305,4.6720578694833286e-39,2.581467708151855e-35,23
Snca,12.88805,20.902287,5.255584390214409e-38,2.177914171304851e-34,23
Sncb,12.662074,14.91894,9.593124179477726e-37,3.180312527980456e-33,23
Mllt11,12.305183,37.160927,8.494352622116676e-35,2.011462700917229e-31,23
Snrpn,12.24782,16.2896,1.725737495496619e-34,3.5757280906689943e-31,23
Tle4,12.171142,5.9989586,4.428468266155637e-34,8.156254442199539e-31,23
Calm2,11.873841,82.52436,1.6186032995407344e-32,2.6829968293187214e-29,23
Fxyd6,11.760991,12.311141,6.200231858891755e-32,9.343185753908158e-29,23
Ndn,11.571034,14.990203,5.7781603781976955e-31,7.981565535750417e-28,23
Dynlrb1,11.546929,14.371725,7.65048764846026e-31,9.754960250836713e-28,23
Aldoa,11.534603,10.133207,8.829391806888097e-31,1.0453999899355506e-27,23
Celf4,11.448557,9.764695,2.3909209147591452e-30,2.642127005536506e-27,23
Olfm1,11.4187765,8.0311985,3.369427506649231e-30,3.4907268968886034e-27,23
Map1lc3a,11.268624,16.57688,1.8747617258907995e-29,1.8280029628450526e-26,23
Kcnab1,11.150998,6.203229,7.080752808711861e-29,6.520586586511545e-26,23
Rpl41,11.107305,49.450176,1.1559677790859707e-28,1.008490626638371e-25,23
Ngfrap1,11.0356455,12.87322,2.5719847180075307e-28,2.1316609342846415e-25,23
Hsbp1,11.009603,10.03173,3.435147538158208e-28,2.7114764567862123e-25,23
Zwint,11.004934,8.642751,3.6177920617461716e-28,2.7258418734320247e-25,23
Hs3st4,10.943299,5.246156,7.154814081889608e-28,5.156443400930528e-25,23
Cox6a1,10.9368305,12.888009,7.683958967514061e-28,5.307054326896378e-25,23
Tuba1b,10.928058,14.178891,8.464051006026645e-28,5.612004379035907e-25,23
Snap25,10.90287,8.263316,1.1167844667700662e-27,7.119930508146392e-25,23
Sparc,26.36209,21.47206,3.7302838249680516e-153,5.011260515548298e-149,17
Sfrp1,26.343788,12.159526,6.046405062196306e-153,5.011260515548298e-149,17
Dbi,26.235075,132.22041,1.0580452037174276e-151,5.84605243227336e-148,17
Mt3,26.118546,44.689045,2.2448765837476023e-150,9.302768563050064e-147,17
Sox9,25.982092,11.504941,7.89293621024893e-149,2.616666212421725e-145,17
Plpp3,25.9403,19.129444,2.3395129293355595e-148,6.46329438611104e-145,17
Cst3,25.772865,149.96693,1.7869703165238645e-146,4.231545709528511e-143,17
Apoe,25.596888,75.42469,1.6522582748263836e-144,3.4234791454402664e-141,17
Ddah1,25.511934,12.6708975,1.4532607558540336e-143,2.6765833654484954e-140,17
Mt1,25.428701,21.507526,1.2146144732403314e-142,2.0133449508431735e-139,17
Slc1a3,25.424084,17.724516,1.3661950296340834e-142,2.0587317101104153e-139,17
Phgdh,25.403522,13.191576,2.305675421552983e-142,3.184906315638521e-139,17
Hes5,25.397175,49.338764,2.7097611624485166e-142,3.455153925288201e-139,17
Vim,25.339188,17.870424,1.1824505519143547e-141,1.4000214534665958e-138,17
Aldoc,25.217625,22.04486,2.5670007641078155e-140,2.8367069777234097e-137,17
Ndrg2,25.148817,14.37941,1.4559313884037131e-139,1.5083449183862467e-136,17
Atp1a2,25.093351,10.938681,5.878008974500676e-139,5.731404515371954e-136,17
Cd9,25.072227,16.005959,9.993254894848521e-139,9.202677396500506e-136,17
Asrgl1,25.049854,9.41909,1.7522376129727496e-138,1.5286889827703314e-135,17
Fabp7,25.024837,185.57555,3.281255574938642e-138,2.7195046205091466e-135,17
Qk,25.006163,14.732903,5.2392050971590195e-138,4.135479223357519e-135,17
Cpe,24.887878,24.971384,1.0065769705337105e-136,7.584099937984902e-134,17
Prdx6,24.78407,9.319951,1.3315519176329223e-135,9.596436776818835e-133,17
Id4,24.746733,9.004037,3.3618809499206997e-135,2.3219391094118967e-132,17
Gng5,24.634169,10.324763,5.439688454155618e-134,3.606731032643341e-131,17
Maf,41.3118,12.237898,0.0,0.0,4
Nxph1,40.615738,9.267822,0.0,0.0,4
Arx,40.240543,9.083729,0.0,0.0,4
Mafb,39.705948,12.816356,0.0,0.0,4
Nrxn3,38.2896,7.7206697,0.0,0.0,4
Lhx6,38.23852,7.383579,0.0,0.0,4
Gria1,36.140865,6.3792057,5.17754522949782e-286,1.2260427103450838e-282,4
Gad2,32.274788,4.8877006,1.57995320097136e-228,2.909922695477918e-225,4
Bcl11b,32.16901,4.876972,4.789678018440862e-227,7.939370283367573e-224,4
Rpp25,30.582575,5.5437245,2.0870312906182674e-205,3.1449664248444003e-202,4
Erbb4,30.434925,5.663409,1.896460102302342e-203,2.619643554646969e-200,4
Chl1,30.130657,8.212244,1.9227277679427219e-199,2.451625806262966e-196,4
Slc6a1,29.695192,4.6658688,8.85873911676059e-194,1.0488747114244538e-190,4
Dlgap1,29.63826,4.336175,4.805351428983993e-193,5.310233685789244e-190,4
Gad1,29.291908,4.965367,1.3149679388231272e-188,1.2821710914077741e-185,4
Nap1l5,28.55204,5.1700487,2.6498272553207967e-179,2.311765083378817e-176,4
Camk2n1,28.317276,7.452926,2.1178694247033457e-176,1.671704932565841e-173,4
Dlx2,28.165012,4.011771,1.5693994441923862e-174,1.1824711448605907e-171,4
Sox6,28.16025,4.543075,1.794968926915124e-174,1.2936263014150041e-171,4
Tshz3,27.897188,5.265571,2.886003074728643e-171,1.9135354786680792e-168,4
Slc32a1,27.671434,5.101554,1.5413609833982264e-168,9.826769100311155e-166,4
Gm13889,27.493761,3.9991634,2.0846520325341363e-166,1.2341140032602086e-163,4
Gng2,27.184801,7.3942933,9.824501822620877e-163,5.615549731440126e-160,4
Arl4c,27.159925,4.1814103,1.9330593346616876e-162,1.0680797177117377e-159,4
Arnt2,26.431122,3.681153,6.014926897132592e-154,3.216239620866769e-151,4
Tyrobp,13.663412,37.23651,1.679272509750552e-42,6.958905280406287e-39,22
C1qc,12.471885,36.693245,1.0628232589234196e-35,6.465412176859724e-33,22
Arpc1b,12.281617,13.113535,1.137020698044191e-34,5.384930025937288e-32,22
C1qb,12.276506,43.360947,1.211163729422948e-34,5.576736105254107e-32,22
Aif1,12.265318,15.156656,1.3906590393512225e-34,6.066201114812069e-32,22
Rgs10,11.63579,9.8008585,2.710686968054119e-31,7.764262133411797e-29,22
Fcer1g,11.484756,24.489641,1.573779333039859e-30,3.960615920966487e-28,22
C1qa,11.484581,37.13226,1.5769826905392624e-30,3.960615920966487e-28,22
Trem2,10.891812,22.037363,1.261057219953169e-27,2.375373236129969e-25,22
Vamp8,10.749214,9.123474,5.9768565489405654e-27,1.0213646820127714e-24,22
Laptm5,10.479557,16.519072,1.0724502334503693e-25,1.4691681875763075e-23,22
Hexb,10.1144,25.862066,4.7693108798242506e-24,5.989098268482332e-22,22
Ly86,10.100443,20.380632,5.4993089088158175e-24,6.802727199442612e-22,22
Ptpn18,10.019574,10.494688,1.250409730509606e-23,1.5019414270237122e-21,22
Clic1,10.0029955,8.056155,1.4785525134418036e-23,1.7506061759150953e-21,22
Cyba,9.729106,13.925938,2.265755338701468e-22,2.2761915451100326e-20,22
Pycard,9.695921,9.007001,3.1379514278715915e-22,3.09611207549997e-20,22
Arhgdib,9.661198,7.098697,4.406828284327542e-22,4.296916802412549e-20,22
Spi1,9.507806,15.455447,1.9472565716839043e-21,1.7832997200128397e-19,22
Apoe,9.364154,85.40598,7.666202596910121e-21,6.618488241999072e-19,22
Ctss,9.306365,24.8091,1.3228216405649811e-20,1.1130503306601587e-18,22
Ctsd,9.153267,52.278942,5.523739889607186e-20,4.380933608140129e-18,22
Fcrls,9.110298,23.230106,8.215567117344786e-20,6.423643421561659e-18,22
B2m,9.025988,12.237068,1.7808192396341476e-19,1.3478931377249147e-17,22
Crybb1,8.901828,16.077429,5.493453477124024e-19,3.9591080363829487e-17,22
Gm42418,10.629321,11.140135,2.17691182577884e-26,9.31693530186162e-26,7
Cdhr3,0.13754635,1.7179096,0.8905989595665801,0.9918614293039363,7
Sst,0.13450165,-3.1794999,0.8930059114223196,0.9918614293039363,7
Ctgf,0.12833586,-0.3557538,0.8978831870377998,0.9918614293039363,7
Traf3ip2,0.11540859,0.5156313,0.9081212695571339,0.9918614293039363,7
Abhd12b,0.09504267,1.8427314,0.9242809354613335,0.9918614293039363,7
Gm14597,0.09071491,0.88705474,0.9277191227682461,0.9918614293039363,7
Gm43591,0.08500736,1.4946412,0.9322555390380104,0.9918614293039363,7
Vwa5b1,0.080857806,1.1737409,0.9355550377118806,0.9918614293039363,7
2310031A07Rik,0.074972056,1.2143663,0.940236948395598,0.9918614293039363,7
Bmp5,0.0749415,0.90928906,0.9402612545001444,0.9918614293039363,7
Ins2,0.055884093,2.716544,0.9554341442878087,0.9918614293039363,7
Soat2,0.045848783,1.7163798,0.96343077642707,0.9918614293039363,7
Gm42654,0.045848783,1.7163798,0.96343077642707,0.9918614293039363,7
Msh4,0.045848783,1.7163798,0.96343077642707,0.9918614293039363,7
Dupd1,0.044855945,0.5463848,0.9642221328181371,0.9918614293039363,7
Cryga,0.04250368,1.4939321,0.9660971779768219,0.9918614293039363,7
Lad1,0.04250368,1.4939321,0.9660971779768219,0.9918614293039363,7
Smr3a,0.04250368,1.4939321,0.9660971779768219,0.9918614293039363,7
Misp,0.03915858,1.3012316,0.9687639586599545,0.9918614293039363,7
Gm33050,0.039148394,0.97919255,0.9687720772622445,0.9918614293039363,7
Gm33370,0.035813473,1.1312511,0.9714310886858186,0.9918614293039363,7
Gm16364,0.035813473,1.1312511,0.9714310886858186,0.9918614293039363,7
Gm26896,0.035813473,1.1312511,0.9714310886858186,0.9918614293039363,7
Myh4,0.035803292,0.49354336,0.9714392083060632,0.9918614293039363,7
Pou3f1,58.26829,22.386728,0.0,0.0,2
Mef2c,55.96643,96.739624,0.0,0.0,2
Atp2b2,53.75949,9.051722,0.0,0.0,2
Nrgn,53.29919,37.142662,0.0,0.0,2
Calm1,53.271152,83.30152,0.0,0.0,2
Ybx3,53.22307,8.190425,0.0,0.0,2
Osbpl1a,52.70607,10.993945,0.0,0.0,2
Pvrl3,52.20319,6.078404,0.0,0.0,2
Lpl,51.80338,7.930241,0.0,0.0,2
Basp1,51.663277,78.05712,0.0,0.0,2
Cplx2,51.0305,9.106244,0.0,0.0,2
Epha4,50.94064,6.8141994,0.0,0.0,2
mt-Co3,50.88047,278.75998,0.0,0.0,2
Nrxn1,50.830875,13.605075,0.0,0.0,2
mt-Nd4,50.740135,72.92511,0.0,0.0,2
mt-Nd2,50.623283,75.435585,0.0,0.0,2
Arpp21,50.61328,7.951389,0.0,0.0,2
Arl4a,50.525043,7.2905216,0.0,0.0,2
Cux1,50.513817,8.754162,0.0,0.0,2
mt-Atp6,50.395016,291.72906,0.0,0.0,2
mt-Co2,50.339188,175.09407,0.0,0.0,2
Foxp1,50.209183,12.513137,0.0,0.0,2
Crmp1,50.18933,23.919647,0.0,0.0,2
mt-Cytb,50.090263,130.98021,0.0,0.0,2
Stmn2,50.00168,83.681946,0.0,0.0,2
Grin2a,4.1398716,1.816387,3.475002838080022e-05,0.00035844210979473824,25
Gm26917,3.978747,2.253885,6.927943086409276e-05,0.0006684376286398147,25
Kcnq1ot1,3.887014,1.8727757,0.00010148498103806645,0.0009424173925417308,25
RP24-267C3.3,3.5817811,2.17166,0.0003412597370032756,0.0027975872406361506,25
Ptprd,3.2976592,1.9653444,0.0009749437772022528,0.0071602428227313,25
Arpp21,3.2668686,1.7234209,0.001087441723470244,0.007881693925772962,25
Gm42418,3.1313043,15.711364,0.0017403180030094295,0.012044889861329565,25
Pfkp,2.8716066,1.888814,0.004083909435754524,0.025574190709129953,25
Miat,2.6139445,2.2362046,0.008950357770166435,0.050020610383775733,25
Cacna1a,2.5975907,1.0821466,0.009388034514154438,0.052062917399338896,25
Cacna1g,2.3828604,1.2918142,0.017178711549235767,0.08694788477561285,25
Opcml,2.3718553,1.6712819,0.01769902660081309,0.0890703876134053,25
AY036118,2.2655196,1.0249577,0.023480816659246187,0.11291500346494482,25
Ptprn2,2.1272335,1.0385163,0.03340068697036694,0.1521015898958248,25
Lrp1b,2.0187204,0.65900356,0.04351627819324253,0.1894735559052241,25
Cacna1e,1.9134972,0.46604574,0.055684431071677094,0.23092947947063286,25
Ryr2,1.8802688,1.2107501,0.06007145380072598,0.2446546482065931,25
Sox5,1.8603412,-0.12300351,0.06283726561407747,0.2531204167239242,25
Dst,1.7360424,0.53738314,0.08255634578648387,0.3142259443758339,25
3100002H09Rik,1.6090928,2.8661644,0.10759605286807292,0.38620878569536093,25
Dock3,1.5581142,0.5633037,0.11920618715694051,0.4173979210632543,25
Gm26870,1.5558184,4.992587,0.1197512645385277,0.41877573016680064,25
Gm16586,1.5238444,1.2475942,0.12754758246724068,0.4394572286379093,25
Kcnt2,1.486143,1.4522395,0.13724131447199403,0.46256852962337797,25
Atp8b2,1.4754691,2.1359067,0.14008645648416027,0.4704789111077943,25
Ttc28,47.706306,7.981682,0.0,0.0,3
Pou3f3,46.22228,6.5187855,0.0,0.0,3
Pou3f2,46.162666,7.856168,0.0,0.0,3
Pantr1,45.910835,19.344906,0.0,0.0,3
Hs6st2,45.783695,5.5600634,0.0,0.0,3
Zbtb18,45.080437,14.25775,0.0,0.0,3
Eif1b,44.886143,45.93033,0.0,0.0,3
Jakmip1,43.615738,5.128622,0.0,0.0,3
Khdrbs3,43.54341,7.818501,0.0,0.0,3
Ptn,43.25433,57.82779,0.0,0.0,3
Gria2,42.476704,9.398631,0.0,0.0,3
Luzp2,42.270252,5.0742545,0.0,0.0,3
Usp22,41.18325,5.5193305,0.0,0.0,3
Bcl11a,40.451824,6.8544326,0.0,0.0,3
Odc1,40.37094,5.1105022,0.0,0.0,3
Nfix,40.33236,13.568025,0.0,0.0,3
Csrp2,40.19121,5.262961,0.0,0.0,3
Mpped1,40.171883,10.781014,0.0,0.0,3
Meis2,40.078888,7.3259063,0.0,0.0,3
Tmsb4x,39.777485,102.60776,0.0,0.0,3
Basp1,39.765537,48.222157,0.0,0.0,3
Ptma,39.75446,38.134144,0.0,0.0,3
Ppp1r14b,39.593258,12.712375,0.0,0.0,3
Tubb2b,39.162914,88.22641,0.0,0.0,3
Ddah2,39.15262,5.679613,0.0,0.0,3
Igfbpl1,19.957357,21.65007,1.2937534550839977e-88,2.1445257271472343e-84,20
Meis2,19.152311,14.562751,9.258481379428029e-82,7.67342936726995e-78,20
Zbtb20,18.733875,10.556503,2.6211951376149306e-78,1.448297686703503e-74,20
Sema3c,17.331688,6.055334,2.712473999377356e-67,1.1240492253419762e-63,20
Sox11,16.540592,17.900898,1.87172065020457e-61,6.205128299558191e-58,20
Unc5d,16.230284,5.005285,3.0802996865651296e-59,8.509841267417265e-56,20
Gm17750,15.528644,8.596649,2.220262793927687e-54,4.6003845090181675e-51,20
Nfib,15.478311,12.043318,4.8607182655960507e-54,8.952362885613349e-51,20
Pou3f2,15.370286,5.833997,2.5902516781783246e-53,4.293601181748391e-50,20
Pcp4,14.536982,5.0551934,7.063965467441966e-48,1.0644753780756185e-44,20
Pou3f3,14.506792,4.8988256,1.0973443695470867e-47,1.5157983558010425e-44,20
Frmd4b,13.871826,4.0461235,9.385661376745e-44,8.643151276718063e-41,20
Insm1,13.6729355,4.18512,1.4732949518889713e-42,1.2210668561255794e-39,20
Pam,13.465736,3.667323,2.488254558794899e-41,1.8747867075720113e-38,20
Rnd2,13.197759,4.171502,9.03841598870832e-40,5.548917904771449e-37,20
Lmo1,13.089305,3.5132186,3.7906130207700196e-39,2.0944400477427946e-36,20
Ttc28,13.037704,4.216098,7.46717354520676e-39,3.8679958964171016e-36,20
Lrp8,12.918029,3.0995834,3.5614971016028406e-38,1.6867250273191053e-35,20
Zfhx4,12.58863,4.3228316,2.4387104324003464e-36,1.0365144648068754e-33,20
Sstr2,12.330351,4.6683254,6.217546468228561e-35,2.396791866450154e-32,20
Islr2,11.9238825,3.3193433,8.886809137326215e-33,2.539788763108954e-30,20
Sema5a,11.918037,4.953017,9.532809317007388e-33,2.6782346989612622e-30,20
Cdh4,11.591265,3.2608192,4.563459592784034e-31,1.0506098084720575e-28,20
Gm26735,11.485171,2.779214,1.566251951466973e-30,3.5084043712860195e-28,20
Palmd,10.946171,4.3837132,6.9316324540489965e-28,1.209460416403328e-25,20
Cck,31.378704,42.594284,3.950791052910353e-216,6.5488312493042e-212,13
Nfib,30.904022,22.239355,1.0547124667959253e-209,8.741456924804629e-206,13
Sox5,30.56095,9.651356,4.045207123493927e-205,2.2351117759678442e-201,13
Nfia,29.519276,9.164666,1.6290108886606165e-191,6.750621122609594e-188,13
Tmem108,27.368582,7.121591,6.490926479928526e-165,2.151871946625905e-161,13
Id2,27.246998,17.072706,1.803688674255536e-163,4.9829905774099605e-160,13
Hivep2,26.954958,6.4844594,4.989968140806619e-160,1.1816244557430072e-156,13
Chl1,26.416203,10.396492,8.926513581625229e-154,1.8495736141127473e-150,13
Plxna2,26.39708,5.4012094,1.4801410443591253e-153,2.726090883477429e-150,13
Tle4,25.651237,6.0997505,4.095759766856013e-145,6.789131389540528e-142,13
Bcl11b,25.396935,4.8672314,2.726331565467632e-142,4.108333820835588e-139,13
Snap25,25.294168,7.0829654,3.702909784137015e-141,5.1149527151545964e-138,13
Neto2,25.075783,5.021481,9.139491987814352e-139,1.1653555322308517e-135,13
Arhgap20,24.261372,4.590862,5.015985554029818e-130,5.938926895971304e-127,13
Khdrbs3,24.25826,7.716497,5.409930690402806e-130,5.978334074941128e-127,13
Fut9,24.202168,4.329996,2.11084943313498e-129,2.1868400127278392e-126,13
Ppp2r2b,24.11985,6.9919286,1.547682121248136e-128,1.509081108341712e-125,13
Camk2n1,23.926868,6.261322,1.6090677848410065e-126,1.4817726445291403e-123,13
Mycbp2,23.90416,6.7207026,2.772357623009287e-126,2.418663155736944e-123,13
Ahi1,23.773693,5.194381,6.251198453529718e-125,5.18099327828543e-122,13
Atp2b4,23.72735,5.473617,1.8828227634259893e-124,1.4861747679309142e-121,13
S100a10,23.61199,6.36071,2.902533989889385e-123,2.186927428018475e-120,13
Meg3,23.60582,34.968113,3.358652295425505e-123,2.4205661064770945e-120,13
Pcsk2,23.560242,4.8269105,9.858564680420007e-123,6.808982005943419e-120,13
Baiap2,23.524395,3.991471,2.2960494202896136e-122,1.5223726076288255e-119,13
Pcsk2,38.404217,10.100881,0.0,0.0,8
Scg2,38.076164,15.126339,0.0,0.0,8
Negr1,37.343853,9.754791,3.190441711726452e-305,1.7628253937859223e-301,8
Snca,37.067387,16.245094,9.42367101684174e-301,3.905169269379217e-297,8
Sox5,37.044506,9.468269,2.201535166556294e-300,7.298529384167425e-297,8
Gucy1b3,36.811092,11.336086,1.226947297009027e-296,3.3896463992036057e-293,8
Cck,36.101265,39.239243,2.166584302945132e-285,5.130471629374073e-282,8
Rtn4,36.039223,20.324024,2.0343009837915134e-284,3.77553032433622e-281,8
Nrxn1,36.039013,17.302216,2.0499380380686524e-284,3.77553032433622e-281,8
Gucy1a3,35.718994,11.365146,2.005172481337793e-279,3.3237739050655257e-276,8
Pgm2l1,35.555817,7.591451,6.754939009374063e-277,1.0179079001762224e-273,8
Plppr4,35.358925,6.3724875,7.311501975382374e-274,1.0099621395328187e-270,8
Pik3r1,34.85887,9.43857,3.124347672231875e-266,3.983783616531966e-263,8
Atp2a2,34.718548,8.449272,4.1363994896095665e-264,4.8974969956977265e-261,8
Calm2,34.571827,71.86823,6.699752892231329e-262,7.403673596108434e-259,8
Cryab,34.565662,9.039737,8.291826835048701e-262,8.590332601110454e-259,8
Ly6h,34.562664,20.202152,9.198220896472364e-262,8.968806445877996e-259,8
Zeb2,34.53778,14.324729,2.174596444020938e-261,2.0025617031161705e-258,8
Syt1,34.465794,11.125593,2.6118969797991328e-260,2.2786739124816013e-257,8
Arhgap20,34.17209,6.3615527,6.28298981350852e-256,5.2073419574358614e-253,8
Cnksr2,34.105522,6.244008,6.109275904172868e-255,4.822255113693783e-252,8
Gnb4,34.07672,7.7635984,1.6321207331057445e-254,1.2297287850891282e-251,8
Stmn2,34.03433,94.099014,6.92287170516223e-254,4.989283538468223e-251,8
Vsnl1,33.980507,8.045248,4.323712309861136e-253,2.986243968677425e-250,8
Eid1,33.91837,24.014448,3.571154998093025e-252,2.367818609935599e-249,8
Ptprz1,27.251095,82.315994,1.6129215889838814e-163,2.673578825899682e-159,16
Slc4a4,27.180964,13.928496,1.090620442851342e-162,6.822296325848473e-159,16
Slc1a3,27.176403,31.627716,1.2347302713287535e-162,6.822296325848473e-159,16
Atp1a2,27.130697,21.940842,4.278420651254922e-162,1.7729775178800395e-158,16
Apoe,27.095293,149.81152,1.1187723546722096e-161,3.708954110209309e-158,16
Bcan,26.923603,18.138351,1.162614697037989e-159,3.2119168696836177e-156,16
Fabp7,26.851206,334.81003,8.165358804650494e-159,1.9335569649412366e-155,16
Ncan,26.813593,25.797771,2.243336636776751e-158,4.648193511401428e-155,16
Slc1a2,26.716005,16.500973,3.0677714596989825e-157,5.6501533017744814e-154,16
Cst3,26.70423,192.03041,4.203441267921232e-157,6.967624245706235e-154,16
Id1,26.690853,25.627806,6.010743624710992e-157,9.057644211200856e-154,16
Mt3,26.66377,43.957836,1.2391737118775198e-156,1.7117119540068142e-153,16
Ttyh1,26.643929,12.681869,2.104501393619583e-156,2.6834011615875545e-153,16
Qk,26.608873,21.200588,5.358876904450396e-156,6.344910254869269e-153,16
Dbi,26.601013,131.1956,6.607340673649398e-156,7.301551933760828e-153,16
Sparcl1,26.469303,32.896408,2.1878082947170054e-154,2.2665693933268175e-151,16
Mfge8,26.453144,27.586664,3.3572317283316803e-154,3.273498419342702e-151,16
Ndrg2,26.244907,19.258724,8.171318858890331e-152,7.52487674472034e-149,16
Cd9,26.149471,19.832047,9.99247109438744e-151,8.717642150556116e-148,16
Cpe,26.062965,44.872597,9.591932472162365e-150,7.949793632928168e-147,16
Aldoc,25.96576,21.291775,1.2071051551502366e-148,9.528083357985868e-146,16
Htra1,25.961279,11.782827,1.3562511490159435e-148,1.0218735930040127e-145,16
Phgdh,25.932123,14.85018,2.893045046401811e-148,2.0850049864850614e-145,16
Mt1,25.84234,22.84082,2.9666468669619763e-147,2.0489641027817383e-144,16
Plpp3,25.796469,14.699646,9.71432776846623e-147,6.440987883603849e-144,16
